{
  "task": "multiclass",
  "feature_set": "A6_Full_CAVALRY_AI",
  "model": "RandomForest",
  "n_train": 600000,
  "n_test": 200000,
  "n_features": 93,
  "n_classes": 12,
  "accuracy": 0.98952,
  "balanced_accuracy": 0.8642075775945854,
  "precision_macro": 0.8914877249673974,
  "recall_macro": 0.8642075775945854,
  "f1_macro": 0.8751534228979416,
  "precision_weighted": 0.9886843143971368,
  "recall_weighted": 0.98952,
  "f1_weighted": 0.9889905025775367,
  "mcc": 0.9840027945377103,
  "roc_auc_macro_ovr": 0.9835294867616842,
  "pr_auc_macro": 0.8908602873348649,
  "log_loss": 0.04643485473620133,
  "train_seconds": 48.85826049995376,
  "inference_seconds": 1.7883827000041492,
  "inference_ms_per_sample": 0.008941913500020746
}