{
  "task": "binary",
  "feature_set": "A5_CMG_GraphMemory",
  "model": "ExtraTrees",
  "n_train": 600000,
  "n_test": 200000,
  "n_features": 84,
  "n_classes": 2,
  "accuracy": 0.997565,
  "balanced_accuracy": 0.997282484898968,
  "precision_macro": 0.9978016814894708,
  "recall_macro": 0.997282484898968,
  "f1_macro": 0.9975362064055118,
  "precision_weighted": 0.9975752178541476,
  "recall_weighted": 0.997565,
  "f1_weighted": 0.9975643647590504,
  "mcc": 0.9950840309400382,
  "roc_auc_macro_ovr": 0.9982919817105568,
  "pr_auc_macro": 0.9977840497672994,
  "log_loss": 0.022180040260476108,
  "train_seconds": 23.006854100036435,
  "inference_seconds": 0.6729316000128165,
  "inference_ms_per_sample": 0.0033646580000640824
}